JavaScript & HTML|JavaScript & HTML 입니다.|#ff009a|
기초 언어 시스템|기초 언어 시스템 입니다.|#ff009a|JavaScript & HTML
고급 언어 시스템|고급 언어 시스템 입니다.|#ff009a|JavaScript & HTML
브라우저|브라우저 입니다.|#ff009a|JavaScript & HTML
비동기&데이터 처리|비동기&데이터 처리 입니다.|#ff009a|JavaScript & HTML
성능|성능 입니다.|#ff009a|JavaScript & HTML
HTML|HTML 입니다.|#ff009a|JavaScript & HTML

CS|CS 입니다.|#9100ff|
네트워크|네트워크 입니다.|#9100ff|CS
알고리즘|알고리즘 입니다.|#9100ff|CS
자료구조|자료구조 입니다.|#9100ff|CS
OS|OS 입니다.|#9100ff|CS

Graphics|Graphics 입니다.|#2f8aff|
CSS 스타일링: 레이아웃과 포지셔닝|CSS 스타일링: 레이아웃과 포지셔닝 입니다.|#2f8aff|Graphics
트랜지션, 애니메이션|트랜지션, 애니메이션 입니다.|#2f8aff|Graphics
2D 그래픽스|2D 그래픽스 입니다.|#2f8aff|Graphics
3D 그래픽스|3D 그래픽스 입니다.|#2f8aff|Graphics
Vector 그래픽스|Vector 그래픽스 입니다.|#2f8aff|Graphics

Architecture|Architecture 입니다.|#e5ffcc|
인터랙션 디자인 이론|인터랙션 디자인 이론 입니다.|#e5ffcc|Architecture
UI/UX 설계|UI/UX 설계 입니다.|#e5ffcc|Architecture
UX 일반 이론|UX 일반 이론 입니다.|#e5ffcc|Architecture

UI/UX|UI/UX 입니다.|#2fff6e|
웹애플리케이션 구현 시 고려해야 하는 설계|웹애플리케이션 구현 시 고려해야 하는 설계 입니다.|#2fff6e|UI/UX
프로젝트 개발 환경 설계|프로젝트 개발 환경 설계 입니다.|#2fff6e|UI/UX
테스트와 프로젝트 배포|테스트와 프로젝트 배포 입니다.|#2fff6e|UI/UX
프로그래밍 테크닉, 개발 프랙티스, 개발 방법론|프로그래밍 테크닉, 개발 프랙티스, 개발 방법론 입니다.|#2fff6e|UI/UX
